state_id,pos_x,pos_y,pos_z,vel_x,vel_y,vel_z
0,0.05999999865889549,0.8799999952316284,0.5199999809265137,0.7799999713897705,-5.550000190734863,0.5199999809265137
1,0.19484829902648926,1.274069905281067,0.38669925928115845,-0.34223853258658776,-4.638602429907353,2.4220617635552864
2,-0.08379945904016495,1.1605134010314941,0.4460485279560089,0.7470309792315177,-4.995008403029298,2.5610749938916904
3,0.11704294383525848,-1.6390042304992676,0.20511767268180847,-0.46427563800382954,4.95073502695173,2.0433238830910296
4,0.15897276997566223,0.8811925649642944,0.49969327449798584,-1.0123238536202643,-3.696547860186561,0.9290300438022916
5,0.01127202995121479,1.1048630475997925,0.4837036430835724,0.27777616810145966,-4.851536184422606,1.0540071398786721
6,-0.7900000214576721,0.5899999737739563,0.38999998569488525,2.0199999809265137,-2.759999990463257,0.3199999928474426
7,-0.28999999165534973,1.340000033378601,0.49000000953674316,1.340000033378601,-6.019999980926514,1.4199999570846558
8,0.11446388810873032,0.8896608948707581,0.36557355523109436,-1.095146445877464,-5.065298202537555,0.7700989413677806
9,-0.3700000047683716,1.25,0.4000000059604645,2.1500000953674316,-5.519999980926514,1.159999966621399
10,0.39032599329948425,1.620058298110962,0.4745091199874878,-1.6931763365491568,-4.734751525788473,1.6411819036260462
11,-0.44999998807907104,1.25,0.47999998927116394,0.05000000074505806,-4.570000171661377,1.3300000429153442
12,0.4703529477119446,1.1017110347747803,0.4109886884689331,-1.3001406451611057,-4.157042690820648,1.8362173678128917
13,0.37797626852989197,1.2261072397232056,0.5322062373161316,-1.3998756800560013,-3.4145216174030577,1.8080392820557922
14,-0.7960678339004517,1.9193212985992432,0.2684309184551239,1.4544131371093485,-8.707781139749349,1.9522130713947308
15,0.3400000035762787,1.3799999952316284,0.46000000834465027,-1.3600000143051147,-6.519999980926514,0.4099999964237213
16,0.01628531888127327,1.4120126962661743,0.44759392738342285,0.6129146374247204,-3.8905150075681876,1.486717973648575
17,-0.4218655824661255,-1.1012600660324097,0.3109877109527588,1.447471924503014,6.349800083966186,1.7740638298420333
18,0.5763953924179077,1.1503667831420898,0.43313127756118774,-0.08593046302448801,-4.880939382807495,2.470367407666264
19,0.6162481904029846,0.4651944637298584,0.25417983531951904,-0.4339371580724123,-2.9243204680443298,1.0346420042819726
20,-0.3499999940395355,1.4700000286102295,0.30000001192092896,0.28999999165534973,-6.710000038146973,2.2899999618530273
21,-0.554999828338623,-1.4162006378173828,0.3616878390312195,1.341550990668476,4.60108782282705,2.6857473686512465
22,0.746391773223877,1.0099518299102783,0.42847493290901184,-2.3434310241087233,-6.464303735572601,1.49156666607431
23,-0.4173389971256256,1.2653260231018066,0.39036813378334045,0.6722408873148105,-5.697039936543411,1.1178557365628488
24,0.6499999761581421,1.7100000381469727,0.4000000059604645,-0.9700000286102295,-6.199999809265137,1.8300000429153442
25,0.27000001072883606,1.149999976158142,0.3799999952316284,-1.940000057220459,-5.400000095367432,1.340000033378601
26,0.019785692915320396,1.1960910558700562,0.5398446321487427,0.034671688795294614,-4.568217973351602,1.11949042311998
27,0.054259974509477615,1.0315979719161987,0.37951457500457764,0.6295575978920918,-5.4277033753692105,1.3486455452519504
28,-0.29614290595054626,1.3947169780731201,0.41261130571365356,2.5521584572655316,-6.842138243639059,1.8848693620753558
29,-0.47583824396133423,1.5935128927230835,0.28815340995788574,1.7621694525283764,-8.329866292235074,1.5327690496632747
30,0.14935730397701263,1.8218834400177002,0.46368566155433655,-1.551626018566669,-9.892328278070893,1.1192734353547373
31,-0.2519319951534271,1.1904332637786865,0.4139537811279297,1.2108081170335447,-5.279993697283787,1.425741751052826
32,-0.694709300994873,1.7979761362075806,0.3440207839012146,1.806357585584521,-7.538191159156541,1.2769632967920617
33,-0.3100000023841858,1.090000033378601,0.38999998569488525,0.6200000047683716,-5.0,1.7699999809265137
34,0.1899999976158142,1.0499999523162842,0.44999998807907104,-1.5800000429153442,-4.349999904632568,0.20000000298023224
35,-0.029999999329447746,1.1200000047683716,0.47999998927116394,1.100000023841858,-5.78000020980835,1.6100000143051147
36,0.6309850811958313,1.849158525466919,0.5270687937736511,-0.9587751037978051,-8.463285365457466,1.1438465558378743
37,-0.184730663895607,-1.3291912078857422,0.4038025736808777,0.24976560335507614,4.292207539314579,2.2772535696108416
38,0.355313777923584,1.006059169769287,0.3878903090953827,-1.5214211722280457,-5.04302876757265,1.7462380037295901
39,-0.7995930910110474,0.7044395208358765,0.42676475644111633,3.1101669712325424,-5.990906093160471,-0.9627696278356599
40,-0.032013483345508575,1.5429224967956543,0.33427953720092773,1.2234139361721135,-7.278795162584572,2.0050094929492435
41,0.009999999776482582,1.2899999618530273,0.4699999988079071,0.25,-6.25,1.309999942779541
42,-0.07000000029802322,1.3600000143051147,0.6000000238418579,0.6299999952316284,-6.170000076293945,1.809999942779541
43,-0.7024505734443665,-1.512693166732788,0.3950194716453552,1.031482534357575,5.463208121251327,2.286729992712599
44,-0.22898803651332855,0.5945831537246704,0.6941664218902588,1.6643720296215352,-3.2423757202610077,-1.091296583695219
45,-0.46636003255844116,1.3308979272842407,0.6926789879798889,0.9588778362823973,-3.518004037761026,0.7351614194270882
46,0.46000000834465027,1.0299999713897705,0.33000001311302185,0.1599999964237213,-4.909999847412109,1.1299999952316284
47,0.04810130223631859,1.1602582931518555,0.409501850605011,0.7829318218767835,-4.419559074431777,1.8537905074156795
48,-0.6100000143051147,0.75,0.3199999928474426,2.509999990463257,-4.369999885559082,1.5
49,0.14000000059604645,1.309999942779541,0.3700000047683716,-1.100000023841858,-4.75,1.6399999856948853
50,0.08659977465867996,0.9669848680496216,0.44927483797073364,0.8962667989238816,-5.33283004103648,1.2802351176699676
51,-0.43414875864982605,1.0584176778793335,0.3332698941230774,-0.5588567674056708,-5.5140929519232,0.06703520165280463
52,0.614489734172821,1.3416920900344849,0.42051684856414795,-0.710327414371329,-4.928663505711762,1.2449287249710896
53,0.34952035546302795,1.0628811120986938,0.43329375982284546,0.14044904870672797,-5.436110663032255,1.607793349584274
54,0.4652273952960968,0.9698064923286438,0.3930756151676178,-1.1569421496497687,-5.600338867717108,0.793229547629974
55,-0.0055924286134541035,0.7935314178466797,0.48841679096221924,0.9906632733024098,-5.384639031341702,0.08670659674981335
56,0.3799999952316284,1.340000033378601,0.44999998807907104,-1.5299999713897705,-4.639999866485596,1.059999942779541
57,-0.3208886682987213,1.1832355260849,0.3092480003833771,0.3510357071460327,-5.508384068695792,2.38006712009816
58,0.03999999910593033,1.4500000476837158,0.4399999976158142,-2.069999933242798,-7.46999979019165,1.159999966621399
59,-0.17975252866744995,1.0527212619781494,0.4405827224254608,1.492963749023671,-4.915780103824217,1.566546958392729
60,0.26715031266212463,1.5142502784729004,0.5218614935874939,0.021130089410050956,-5.107429430185469,1.1452999646997168
61,-0.28922945261001587,0.778734564781189,0.467340350151062,1.3653674731456724,-5.289486883286913,-0.3546801465149953
62,0.4819318950176239,1.7403995990753174,0.3523874878883362,0.12008496638400373,-6.781483155298285,1.035335211731545
63,0.5395174622535706,1.4070988893508911,0.4215626120567322,-1.059818891992803,-5.480133444661962,1.5330628392861598
64,-0.2892829477787018,1.347350001335144,0.3979201912879944,0.31024288239779907,-5.373074285367262,1.2695831716485888
65,-0.05999999865889549,1.6799999475479126,0.5099999904632568,0.7300000190734863,-5.610000133514404,1.5199999809265137
66,-0.7916772365570068,1.2259875535964966,0.4530881941318512,3.46122747969596,-8.220482718127515,-0.1765904975060656
67,-0.6492865681648254,1.268096685409546,0.21872085332870483,0.4608787567526622,-3.305361494814051,2.371117197700829
68,0.800000011920929,1.340000033378601,0.25999999046325684,-1.9299999475479126,-4.389999866485596,2.380000114440918
69,0.5600000023841858,1.2699999809265137,0.4000000059604645,-1.6399999856948853,-4.889999866485596,2.2100000381469727
70,-0.3064069449901581,1.1205453872680664,0.37540072202682495,0.2772221845660139,-6.500947338414925,1.3845217154150158
71,-0.5299999713897705,1.5399999618530273,0.49000000953674316,0.12999999523162842,-5.079999923706055,1.1799999475479126
72,-0.14366109669208527,0.8848416805267334,0.5091311931610107,-0.9251463628996329,-3.8034501285892315,1.2650028252812957
73,0.5699999928474426,0.8600000143051147,0.4099999964237213,-0.9800000190734863,-2.5899999141693115,2.069999933242798
74,-0.7872034311294556,1.7126833200454712,0.45540839433670044,1.631827818265313,-4.881803347453707,2.113302634408029
75,0.05999999865889549,1.059999942779541,0.38999998569488525,-1.1399999856948853,-5.130000114440918,0.8799999952316284
76,-0.7484613656997681,1.2646435499191284,0.33416107296943665,1.7999679390485561,-5.508842471603992,1.1467613059681734
77,0.1899999976158142,1.2300000190734863,0.41999998688697815,-0.4000000059604645,-4.849999904632568,1.4500000476837158
78,-0.1796397715806961,1.782862663269043,0.4916744530200958,-0.036510843542295945,-5.448557435982879,1.9718399371222461
79,-0.27000001072883606,0.9300000071525574,0.46000000834465027,1.2999999523162842,-4.690000057220459,1.2200000286102295
80,0.23376475274562836,0.8506659269332886,0.5752610564231873,-0.9478946251513107,-4.326780363019205,1.69077209546263
81,-0.2610013782978058,1.1693365573883057,0.7079070210456848,-0.10851614634337797,-3.7328837925090625,0.692768727408087
82,0.5558667182922363,0.8390583992004395,0.30184343457221985,-1.4608935765822093,-4.3920241220172445,2.1083351052675026
83,-0.760067343711853,1.284079670906067,0.47139692306518555,1.951177022828516,-3.642555708396853,2.2728080692908215
84,-0.3782677948474884,1.1201690435409546,0.44617199897766113,1.1263611320313385,-4.571284339325952,1.5381198174497102
85,-0.11313579976558685,-1.3767327070236206,0.44481682777404785,0.3422990681030418,5.390291616576987,1.4085771611921645
86,0.4099999964237213,1.5399999618530273,0.38999998569488525,-1.7699999809265137,-5.159999847412109,1.3899999856948853
87,0.7226229906082153,0.8573592901229858,0.3717827796936035,-2.5335563047451677,-6.312828142491359,0.732372908795571
88,-0.15400153398513794,1.03489351272583,0.5676825642585754,1.5568760251458325,-4.254608944200262,2.1862943768960896
89,0.3194529712200165,1.6646546125411987,0.40888097882270813,0.17244617229159037,-8.034599363970038,1.3512790534977746
90,0.630237340927124,-1.5036102533340454,0.34796324372291565,-1.579265510070806,6.2928591598734895,2.1494632385018115
91,0.2951093018054962,1.5466103553771973,0.46456795930862427,-0.3868852368735042,-4.464762771969204,2.0901687682418157
92,0.11119929701089859,0.8602972030639648,0.5384685397148132,-0.5758145887014603,-3.503712639523914,1.053798367356132
93,0.2853200137615204,-1.7786822319030762,0.36218369007110596,-0.3317069635995525,6.411005170686673,2.9837766105291847
94,-0.23999999463558197,1.2899999618530273,0.3199999928474426,-0.47999998927116394,-5.53000020980835,1.3300000429153442
95,-0.4099999964237213,1.0199999809265137,0.4300000071525574,2.640000104904175,-4.920000076293945,1.2000000476837158
96,0.5299999713897705,1.3899999856948853,0.33000001311302185,-0.0,-5.409999847412109,2.3399999141693115
97,-0.5859017968177795,-1.4514389038085938,0.3678336441516876,1.229655579835775,4.744561369002717,1.8905648992340334
98,-0.13899748027324677,0.8501938581466675,0.5449636578559875,1.190076924009164,-5.381841187365754,1.412383935538317
99,-0.046610817313194275,1.4495476484298706,0.3567170202732086,-0.20841103582508824,-4.868635765737943,1.3078367255527945
100,-0.23284894227981567,0.9548436403274536,0.28838396072387695,0.785171890602245,-5.41058369619692,1.4207665464660346
101,-0.14702647924423218,1.3520749807357788,0.3649720549583435,-0.3732946259520797,-4.8988181893280585,1.4470767163538252
102,0.30000001192092896,1.2699999809265137,0.2800000011920929,0.38999998569488525,-4.639999866485596,1.7400000095367432
103,0.2985936105251312,1.3070034980773926,0.22324970364570618,-1.705155162413157,-7.233052001480156,2.3486223656268677
104,-0.09026897698640823,1.5735481977462769,0.19296659529209137,-0.2802372937296459,-4.289850583351233,3.0463510032752
105,0.04569961503148079,0.6775073409080505,0.2802901864051819,-0.40542109464181064,-4.793604698337261,1.3621621508328987
106,0.09658657014369965,0.921960711479187,0.44157421588897705,0.7748952474467133,-4.271086104598044,1.0858414807253927
107,0.47999998927116394,1.3700000047683716,0.3799999952316284,-1.149999976158142,-7.289999961853027,1.8600000143051147
108,0.14000000059604645,1.809999942779541,0.3499999940395355,-1.3600000143051147,-7.489999771118164,2.319999933242798
109,-0.21092356741428375,0.9717668294906616,0.3931782841682434,0.27863576620605923,-3.288950098407091,1.4976804520244538
110,-0.3499999940395355,1.2999999523162842,0.5,-0.05999999865889549,-4.599999904632568,1.4700000286102295
111,-0.009999999776482582,1.0499999523162842,0.4099999964237213,-0.03999999910593033,-4.71999979019165,1.2599999904632568
112,0.2106427401304245,1.047773003578186,0.45359399914741516,-1.297238030722011,-4.981624439439641,1.6447931055840646
113,0.08996038883924484,1.1482921838760376,0.2979205548763275,0.3749607663286216,-4.699143990885215,1.1880749873881646
114,-0.5806485414505005,1.352370023727417,0.30753037333488464,0.2986572441508029,-3.849857599952167,2.848589796213837
115,0.23000000417232513,1.190000057220459,0.46000000834465027,1.190000057220459,-6.420000076293945,1.3799999952316284
116,-0.5,1.840000033378601,0.36000001430511475,0.7099999785423279,-7.829999923706055,1.0800000429153442
117,-0.5337656736373901,-1.6590553522109985,0.3006991147994995,0.8461934092896131,5.382522724613401,2.4280980790968454
118,-0.020852308720350266,1.3504959344863892,0.4220603406429291,0.6941976924586697,-4.901666955503259,1.6348408595468458
119,-0.2199999988079071,1.2200000286102295,0.28999999165534973,0.75,-5.389999866485596,1.7799999713897705
120,-0.4382454752922058,0.9836363792419434,0.5655819177627563,-0.017889691254450835,-3.2411823495393177,1.8911977525979302
121,0.6324366927146912,0.8897742629051208,0.37964487075805664,-0.7474206234377037,-3.4784460348540533,1.7205423910315283
122,0.21816809475421906,1.442801833152771,0.22944042086601257,-0.09677959813651765,-5.289587292022228,3.200856936056471
123,0.2900656461715698,1.082704782485962,0.41296452283859253,-0.7662324189593059,-4.919094144232152,1.479515698894008
124,-0.4730290472507477,1.053849697113037,0.6569388508796692,0.03629503485984542,-2.390440308098631,2.5554831081242884
125,-0.5299999713897705,1.090000033378601,0.41999998688697815,1.9700000286102295,-4.800000190734863,1.2300000190734863
126,0.4218039810657501,1.1285756826400757,0.49679145216941833,0.2050948459712092,-3.956786256032595,1.584011177443381
127,-0.3618490695953369,1.0779869556427002,0.40624475479125977,0.10369203363745799,-4.39760846992672,1.3649852529069875
128,0.25147926807403564,0.9092453718185425,0.48289474844932556,0.5641249306847435,-5.070667124574035,1.2858397821623047
129,0.3199999928474426,1.3799999952316284,0.5199999809265137,-0.23000000417232513,-6.050000190734863,1.399999976158142
130,-0.5836341381072998,1.0899674892425537,0.767579197883606,0.8031379719705438,-2.2921992469018697,2.1485493153188293
131,-0.800000011920929,1.3300000429153442,0.9800000190734863,0.5799999833106995,-5.070000171661377,1.2400000095367432
132,-0.28268682956695557,1.3765379190444946,0.39353254437446594,0.16213399214845337,-4.813305763941773,1.814865334697158
133,-0.17569328844547272,1.220444679260254,0.377275288105011,2.580166599196166,-5.546065433410158,1.5999584083391534
134,-0.2945561408996582,0.6478930115699768,0.5811713933944702,1.1262750817403873,-2.817434318161689,0.6653749971372508
135,0.22132864594459534,1.1384673118591309,0.47747528553009033,-0.8646181857255307,-5.26879882448634,1.4784380752959771
136,0.4163922071456909,-1.812142252922058,0.30313190817832947,-1.6241970102739354,9.090834523621076,0.8394719297562967
137,0.49000000953674316,0.9300000071525574,0.47999998927116394,0.05999999865889549,-4.389999866485596,0.8600000143051147
138,-0.061701301485300064,1.2018719911575317,0.40178054571151733,-0.2710276473575608,-5.055118523446552,2.4347835191225
139,-0.13134337961673737,0.7768884301185608,0.5162622928619385,1.2358030668914948,-3.6734202186305276,0.4252178889931434
140,-0.6899999976158142,1.75,0.4699999988079071,2.0299999713897705,-5.539999961853027,2.2300000190734863
141,0.4571894705295563,1.8930509090423584,0.5476548075675964,-0.21139343574640687,-5.584575562153264,1.9748971575839995
142,-0.2199999988079071,1.5700000524520874,0.4099999964237213,1.5700000524520874,-5.869999885559082,1.7799999713897705
143,0.2809518575668335,1.1931220293045044,0.3930939733982086,-0.2953538502582389,-5.023766513338096,2.1485668548558556
144,0.2515570819377899,1.3562899827957153,0.270877480506897,-0.3130234949905568,-5.317812031006352,2.4775540241384966
145,-0.4490346908569336,2.0230002403259277,0.2050015926361084,1.4033103926641024,-6.120514736562146,3.566557056740649
146,-0.33000001311302185,1.2999999523162842,0.30000001192092896,1.3799999952316284,-5.449999809265137,1.9500000476837158
147,0.1573726236820221,1.8256856203079224,0.343986839056015,1.129768700166689,-6.900244216860361,2.90542247062447
148,-0.5151032209396362,0.7331452965736389,0.31395047903060913,-0.471832256391324,-3.9497888600138493,1.6376416922537036
149,-0.010926179587841034,1.3194345235824585,0.37299609184265137,0.2093925991425687,-4.529660314201005,2.565679382453803
150,-0.6200000047683716,1.3899999856948853,0.3499999940395355,2.1700000762939453,-7.070000171661377,1.840000033378601
151,-0.6539794206619263,1.491626262664795,0.38015541434288025,0.7625763885693736,-6.598914115869743,1.8795383348631653
152,-0.36000001430511475,1.2699999809265137,0.3799999952316284,2.319999933242798,-7.099999904632568,0.699999988079071
153,0.6399999856948853,1.5199999809265137,0.3799999952316284,-0.46000000834465027,-4.869999885559082,2.2699999809265137
154,0.3162469267845154,1.530882477760315,0.8054434061050415,-0.603136700326916,-4.036442637861081,2.1519646616573964
155,-0.36000001430511475,1.0,0.49000000953674316,2.4600000381469727,-5.28000020980835,1.1399999856948853
156,0.08865149319171906,1.2969108819961548,0.43053120374679565,-1.358135020167948,-3.108733627176039,1.5232478884483465
157,0.32104089856147766,0.9404593110084534,0.26317694783210754,-0.8762986069125307,-4.538751929671288,1.2737492165181152
158,-0.28119412064552307,1.3104969263076782,0.38502880930900574,1.628133657953936,-6.473266902514047,1.6853420694486287
159,0.06624874472618103,0.9575487971305847,0.30976930260658264,0.6849211781825021,-5.618706914983928,0.609969079915425
160,-0.4880290925502777,-1.2900123596191406,0.31484514474868774,1.4213722791345804,4.6238035945698055,2.31935172641457
161,-0.2508150041103363,1.1267354488372803,0.19848749041557312,0.8303328149584854,-6.01598748250924,1.1475300381798332
162,0.4893602728843689,-1.7903597354888916,0.29999297857284546,-1.2388007555573777,5.919440673267825,2.8572328560112044
163,0.30000001192092896,1.659999966621399,0.5600000023841858,0.27000001072883606,-8.670000076293945,0.1899999976158142
164,-0.2749851644039154,0.7658534646034241,0.5459791421890259,0.9528162478577948,-3.8614272610924187,1.8481896658034198
165,-0.30000001192092896,1.1399999856948853,0.47999998927116394,0.10000000149011612,-5.300000190734863,1.649999976158142
166,-0.25087860226631165,1.4770185947418213,0.4454284608364105,1.0863634527103756,-5.417172719053655,1.6124246794360828
167,-0.02684144303202629,1.0353107452392578,0.3738170564174652,-0.5565804128532444,-5.339018850274543,1.1908834977351983
168,0.24762441217899323,0.8090115785598755,0.39094990491867065,-0.4967562274863023,-4.8970859617944145,0.9466466070538296
169,0.502061128616333,1.3042824268341064,0.5729974508285522,-1.6210817014762844,-5.479691138621428,1.0479471556862598
170,0.6191007494926453,0.8897284269332886,0.3405279517173767,-0.0876901352001892,-6.462157380206129,0.7800984822392207
171,-0.06337238848209381,1.0076152086257935,0.4004555642604828,-0.9477349967864102,-6.642795903017966,1.6341574400019017
172,0.3534715175628662,1.088064432144165,0.29401886463165283,-1.0598446296377442,-6.027066259029195,0.6744578504291264
173,-0.33221617341041565,1.1935486793518066,0.41055193543434143,0.12683418802105195,-4.544765478826417,2.278928528117931
174,0.6973092555999756,0.9543038606643677,0.29918524622917175,-0.7313932930805176,-6.22504967656464,1.437237795644943
175,-0.6927019953727722,0.4035109877586365,0.932039737701416,1.1466782375291231,-3.5511013846611155,1.155485871123748
176,0.004813948180526495,0.805520236492157,0.355038583278656,-1.0124603397941219,-4.884188034575612,0.8314952825155967
177,-0.1599999964237213,1.3799999952316284,0.49000000953674316,1.600000023841858,-7.059999942779541,1.1399999856948853
178,-0.16016925871372223,1.1227397918701172,0.4347824156284332,0.6203422819264944,-4.852424837290862,1.6702006902511322
179,0.11498814076185226,1.0680971145629883,0.5331575274467468,-0.9435556320404592,-5.434220641174359,1.5806582797915345
180,-0.2655801773071289,1.2684011459350586,0.4131007194519043,1.0540607941137878,-5.680096595796841,1.3057679536912195
181,0.5311568975448608,-1.7780464887619019,0.27376410365104675,-1.6799531862167885,7.052805447052201,2.516524956613765
182,-0.2087642252445221,1.0821692943572998,0.42810139060020447,1.3597928307328848,-5.333340505832132,1.6949388866922965
183,0.3806471824645996,1.2068595886230469,0.5039193630218506,0.07348406926069143,-5.552341023122498,1.6959751789526765
184,-0.0014346922980621457,-0.9546214938163757,0.3017590045928955,-0.2126192913445075,5.264236476702984,0.4757727470927387
185,-0.07509063184261322,1.1071505546569824,0.529183566570282,0.6835104214989682,-2.8419201006219943,1.507525515819954
186,-0.4399999976158142,1.1100000143051147,0.49000000953674316,1.5499999523162842,-3.990000009536743,1.190000057220459
187,0.23999999463558197,1.3899999856948853,0.4099999964237213,0.009999999776482582,-5.320000171661377,0.7099999785423279
188,0.21862371265888214,1.1007663011550903,0.4033994972705841,-1.0617350285914346,-4.100726899730442,1.3952388452640754
189,-0.6100000143051147,0.8899999856948853,0.38999998569488525,1.409999966621399,-5.079999923706055,1.1699999570846558
190,0.21488815546035767,1.1479119062423706,0.4606267213821411,-0.5878939316348969,-5.030340334940452,1.9632064873241104
191,-0.4099999964237213,1.100000023841858,0.5400000214576721,1.309999942779541,-5.550000190734863,0.699999988079071
192,0.005888882093131542,1.3822907209396362,0.4814656376838684,0.5247186834199918,-4.9326879042333385,1.7656008286861673
193,0.19709326326847076,1.1517821550369263,0.31988298892974854,-2.231438677746905,-5.418028882412011,1.8421538140146982
194,0.4634760916233063,1.5167826414108276,0.382332444190979,-1.079081300234835,-5.3305003118221155,1.9928229973196896
195,0.7374625205993652,1.3094433546066284,0.4953685402870178,-0.5977404820516244,-5.602289251546271,1.5307429684387175
196,-0.0969889909029007,1.1372255086898804,0.49625593423843384,0.09726608278400872,-4.516692312696227,1.8945536198572224
197,0.5524378418922424,1.1873931884765625,0.5340127944946289,-1.1989853045333265,-4.7463011206951995,2.5319055450264125
198,0.4689387381076813,1.006736397743225,0.4987378716468811,-1.0940972698625997,-4.359237746178696,1.8937721184390557
199,-0.5899999737739563,1.6399999856948853,0.44999998807907104,0.7599999904632568,-5.46999979019165,1.8899999856948853
