state_id,init_x,init_y,init_z,init_vx,init_vy,init_vz,pred_x,pred_y,error
0,0.06,0.88,0.52,0.78,-5.55,0.52,0.357821,-1.23911,4.05386e-08
1,0.194848,1.27407,0.386699,-0.342239,-4.6386,2.42206,-0.014865,-1.56832,2.25148e-08
2,-0.0837995,1.16051,0.446049,0.747031,-4.99501,2.56107,0.402294,-2.08974,7.65672e-08
3,0.117043,-1.639,0.205118,-0.464276,4.95074,2.04332,-0.113089,0.814969,2.11221e-08
4,0.158973,0.881193,0.499693,-1.01232,-3.69655,0.92903,-0.272659,-0.69493,1.93928e-08
5,0.011272,1.10486,0.483704,0.277776,-4.85154,1.05401,0.132724,-1.01637,2.81965e-08
6,-0.79,0.59,0.39,2.02,-2.76,0.32,-0.141249,-0.296412,0.0169004
7,-0.29,1.34,0.49,1.34,-6.02,1.42,0.368441,-1.61807,0.0298908
8,0.114464,0.889661,0.365574,-1.09515,-5.0653,0.770099,-0.282566,-0.946692,4.40307e-08
9,-0.37,1.25,0.4,2.15,-5.52,1.16,0.542806,-1.09358,2.68509e-08
10,0.390326,1.62006,0.474509,-1.69318,-4.73475,1.64118,-0.490075,-0.841871,0.0244626
11,-0.45,1.25,0.48,0.05,-4.57,1.33,-0.426266,-0.919288,6.49079e-08
12,0.470353,1.10171,0.410989,-1.30014,-4.15704,1.83622,-0.215694,-1.09184,2.58204e-08
13,0.377976,1.22611,0.532206,-1.39988,-3.41452,1.80804,-0.403007,-0.678836,2.81718e-08
14,-0.796068,1.91932,0.268431,1.45441,-8.70778,1.95221,-0.0734037,-2.40737,3.50472e-08
15,0.34,1.38,0.46,-1.36,-6.52,0.41,-0.135809,-0.901084,3.52957e-08
16,0.0162853,1.41201,0.447594,0.612915,-3.89052,1.48672,0.314852,-0.483156,2.92427e-08
17,-0.421866,-1.10126,0.310988,1.44747,6.3498,1.77406,0.278992,1.97328,5.34925e-10
18,0.576395,1.15037,0.433131,-0.0859305,-4.88094,2.47037,0.522112,-1.93299,2.6584e-09
19,0.616248,0.465194,0.25418,-0.433937,-2.92432,1.03464,0.461741,-0.576034,1.76772e-09
20,-0.35,1.47,0.3,0.29,-6.71,2.29,-0.186723,-2.30788,7.15281e-09
21,-0.555,-1.4162,0.361688,1.34155,4.60109,2.68575,0.316011,1.57109,1.9992e-08
22,0.746392,1.00995,0.428475,-2.34343,-6.4643,1.49157,-0.385057,-2.11112,0.0332373
23,-0.417339,1.26533,0.390368,0.672241,-5.69704,1.11786,-0.1351,-1.12657,0.0279853
24,0.65,1.71,0.4,-0.97,-6.2,1.83,0.14439,-1.52173,3.93041e-08
25,0.27,1.15,0.38,-1.94,-5.4,1.34,-0.597457,-1.26457,0.0279459
26,0.0197857,1.19609,0.539845,0.0346717,-4.56822,1.11949,0.0358366,-0.918715,4.68277e-08
27,0.05426,1.0316,0.379515,0.629558,-5.4277,1.34865,0.334088,-1.38093,1.76418e-08
28,-0.296143,1.39472,0.412611,2.55216,-6.84214,1.88487,1.06016,-2.24142,3.01691e-08
29,-0.475838,1.59351,0.288153,1.76217,-8.32987,1.53277,0.295491,-2.0526,2.2981e-09
30,0.149357,1.82188,0.463686,-1.55163,-9.89233,1.11927,-0.527638,-2.49427,6.19347e-08
31,-0.251932,1.19043,0.413954,1.21081,-5.27999,1.42574,0.312273,-1.2699,5.42386e-09
32,-0.694709,1.79798,0.344021,1.80636,-7.53819,1.27696,0.0658183,-1.37582,2.80453e-08
33,-0.31,1.09,0.39,0.62,-5,1.77,0.00694339,-1.466,4.87492e-08
34,0.19,1.05,0.45,-1.58,-4.35,0.2,-0.321146,-0.357268,7.99221e-09
35,-0.03,1.12,0.48,1.1,-5.78,1.61,0.533282,-1.83979,3.94371e-08
36,0.630985,1.84916,0.527069,-0.958775,-8.46329,1.14385,0.191032,-2.03439,5.00886e-08
37,-0.184731,-1.32919,0.403803,0.249766,4.29221,2.27725,-0.0351634,1.24111,0.0209094
38,0.355314,1.00606,0.38789,-1.52142,-5.04303,1.74624,-0.420519,-1.56558,0.025614
39,-0.799593,0.70444,0.426765,3.11017,-5.99091,-0.96277,-0.123565,-0.597748,0.0332477
40,-0.0320135,1.54292,0.33428,1.22341,-7.2788,2.00501,0.613312,-2.29649,4.18009e-08
41,0.01,1.29,0.47,0.25,-6.25,1.31,0.126758,-1.62894,5.62637e-08
42,-0.07,1.36,0.6,0.63,-6.17,1.81,0.290071,-2.16641,1.84881e-08
43,-0.702451,-1.51269,0.395019,1.03148,5.46321,2.28673,-0.0919543,1.72078,3.80987e-08
44,-0.228988,0.594583,0.694166,1.66437,-3.24238,-1.0913,0.240917,-0.320842,8.03256e-08
45,-0.46636,1.3309,0.692679,0.958878,-3.518,0.735161,-0.0244269,-0.2905,0.0178914
46,0.46,1.03,0.33,0.16,-4.91,1.13,0.523685,-0.924332,3.3087e-08
47,0.0481013,1.16026,0.409502,0.782932,-4.41956,1.85379,0.46262,-1.17965,1.52165e-08
48,-0.61,0.75,0.32,2.51,-4.37,1.5,0.52384,-1.22406,0.0246137
49,0.14,1.31,0.37,-1.1,-4.75,1.64,-0.397887,-1.0127,0.0237812
50,0.0865998,0.966985,0.449275,0.896267,-5.33283,1.28024,0.495509,-1.46604,3.57181e-09
51,-0.434149,1.05842,0.33327,-0.558857,-5.51409,0.0670352,-0.583912,-0.419259,1.8056e-08
52,0.61449,1.34169,0.420517,-0.710327,-4.92866,1.24493,0.299821,-0.84166,7.24137e-09
53,0.34952,1.06288,0.433294,0.140449,-5.43611,1.60779,0.41961,-1.64994,4.12607e-08
54,0.465227,0.969806,0.393076,-1.15694,-5.60034,0.79323,0.0326043,-1.12437,2.4837e-08
55,-0.00559243,0.793531,0.488417,0.990663,-5.38464,0.0867066,0.316409,-0.956672,5.86844e-08
56,0.38,1.34,0.45,-1.53,-4.64,1.06,-0.273959,-0.643247,1.74294e-08
57,-0.320889,1.18324,0.309248,0.351036,-5.50838,2.38007,-0.1148,-2.05067,0.0266821
58,0.04,1.45,0.44,-2.07,-7.47,1.16,-0.869542,-1.83226,0.0374465
59,-0.179753,1.05272,0.440583,1.49296,-4.91578,1.56655,0.560016,-1.38307,4.05441e-08
60,0.26715,1.51425,0.521861,0.0211301,-5.10743,1.1453,0.276879,-0.837384,3.49809e-08
61,-0.289229,0.778735,0.46734,1.36537,-5.28949,-0.35468,0.0874191,-0.680417,6.15979e-08
62,0.481932,1.7404,0.352387,0.120085,-6.78148,1.03534,0.528855,-0.909471,1.50855e-08
63,0.539517,1.4071,0.421563,-1.05982,-5.48013,1.53306,0.0221407,-1.26816,0.0271347
64,-0.289283,1.34735,0.39792,0.310243,-5.37307,1.26958,-0.153177,-1.00985,1.61752e-10
65,-0.06,1.68,0.51,0.73,-5.61,1.52,0.311189,-1.17256,6.59166e-08
66,-0.791677,1.22599,0.453088,3.46123,-8.22048,-0.17659,0.19927,-1.12753,4.5286e-08
67,-0.649287,1.2681,0.218721,0.460879,-3.30536,2.37112,-0.391958,-0.577432,1.38141e-08
68,0.8,1.34,0.26,-1.93,-4.39,2.38,-0.29977,-1.16155,1.37883e-08
69,0.56,1.27,0.4,-1.64,-4.89,2.21,-0.392711,-1.57071,4.30639e-09
70,-0.306407,1.12055,0.375401,0.277222,-6.50095,1.38452,-0.182387,-1.78777,1.95586e-08
71,-0.53,1.54,0.49,0.13,-5.08,1.18,-0.470647,-0.779322,6.39267e-08
72,-0.143661,0.884842,0.509131,-0.925146,-3.80345,1.265,-0.581649,-0.915807,8.44534e-09
73,0.57,0.86,0.41,-0.98,-2.59,2.07,0.0113935,-0.616317,0.0135935
74,-0.787203,1.71268,0.455408,1.63183,-4.8818,2.1133,0.1608,-1.12338,1.28595e-08
75,0.06,1.06,0.39,-1.14,-5.13,0.88,-0.37782,-0.910189,1.64067e-08
76,-0.748461,1.26464,0.334161,1.79997,-5.50884,1.14676,-0.0262104,-0.945822,3.59604e-08
77,0.19,1.23,0.42,-0.4,-4.85,1.45,0.00103574,-1.06119,2.39693e-08
78,-0.17964,1.78286,0.491674,-0.0365108,-5.44856,1.97184,-0.200409,-1.31658,2.91625e-08
79,-0.27,0.93,0.46,1.3,-4.69,1.22,0.318731,-1.19396,4.68399e-08
80,0.233765,0.850666,0.575261,-0.947895,-4.32678,1.69077,-0.288492,-1.53324,2.53143e-08
81,-0.261001,1.16934,0.707907,-0.108516,-3.73288,0.692769,-0.310472,-0.532429,4.60089e-08
82,0.555867,0.839058,0.301843,-1.46089,-4.39202,2.10834,-0.235795,-1.54099,0.0225409
83,-0.760067,1.28408,0.471397,1.95118,-3.64256,2.27281,0.433586,-0.944293,1.03796e-08
84,-0.378268,1.12017,0.446172,1.12636,-4.57128,1.53812,0.178222,-1.13832,6.05957e-08
85,-0.113136,-1.37673,0.444817,0.342299,5.39029,1.40858,0.0490391,1.17709,3.85258e-08
86,0.41,1.54,0.39,-1.77,-5.16,1.39,-0.394008,-0.803887,3.39343e-08
87,0.722623,0.857359,0.371783,-2.53356,-6.31283,0.732373,-0.183369,-1.40009,3.51117e-09
88,-0.154002,1.03489,0.567683,1.55688,-4.25461,2.18629,0.81548,-1.61449,6.02643e-08
89,0.319453,1.66465,0.408881,0.172446,-8.0346,1.35128,0.397341,-1.96428,1.8482e-08
90,0.630237,-1.50361,0.347963,-1.57927,6.29286,2.14946,-0.247326,1.99319,4.61446e-08
91,0.295109,1.54661,0.464568,-0.386885,-4.46476,2.09017,0.0699351,-1.05196,5.95497e-08
92,0.111199,0.860297,0.538469,-0.575815,-3.50371,1.0538,-0.15031,-0.730932,1.66312e-08
93,0.28532,-1.77868,0.362184,-0.331707,6.41101,2.98378,0.0545608,2.68127,5.10777e-08
94,-0.24,1.29,0.32,-0.48,-5.53,1.33,-0.444417,-1.06505,0.0270924
95,-0.41,1.02,0.43,2.64,-4.92,1.2,0.75283,-1.14709,5.0964e-08
96,0.53,1.39,0.33,-0,-5.41,2.34,0.53,-1.76098,1.99639e-08
97,-0.585902,-1.45144,0.367834,1.22966,4.74456,1.89056,0.0572704,1.03021,3.91071e-08
98,-0.138997,0.850194,0.544964,1.19008,-5.38184,1.41238,0.459407,-1.85595,4.65835e-08
99,-0.0466108,1.44955,0.356717,-0.208411,-4.86864,1.30784,-0.136511,-0.650577,6.17993e-09
100,-0.232849,0.954844,0.288384,0.785172,-5.41058,1.42077,0.100822,-1.34447,2.88776e-08
101,-0.147026,1.35207,0.364972,-0.373295,-4.89882,1.44708,-0.316795,-0.875833,2.36167e-08
102,0.3,1.27,0.28,0.39,-4.64,1.74,0.48547,-0.936621,0.0227529
103,0.298594,1.307,0.22325,-1.70516,-7.23305,2.34862,-0.636691,-2.66036,3.75798e-09
104,-0.090269,1.57355,0.192967,-0.280237,-4.28985,3.04635,-0.27789,-1.29854,5.5623e-08
105,0.0456996,0.677507,0.28029,-0.405421,-4.7936,1.36216,-0.12206,-1.30604,2.5691e-08
106,0.0965866,0.921961,0.441574,0.774895,-4.27109,1.08584,0.431968,-0.926604,0.0212793
107,0.48,1.37,0.38,-1.15,-7.29,1.86,-0.115553,-2.40529,1.74603e-08
108,0.14,1.81,0.35,-1.36,-7.49,2.32,-0.649861,-2.54004,2.14073e-08
109,-0.210924,0.971767,0.393178,0.278636,-3.28895,1.49768,-0.0793734,-0.58102,2.87487e-09
110,-0.35,1.3,0.5,-0.06,-4.6,1.47,-0.380002,-1.00019,6.96755e-08
111,-0.01,1.05,0.41,-0.04,-4.72,1.26,-0.0277295,-1.04208,4.72334e-08
112,0.210643,1.04777,0.453594,-1.29724,-4.98162,1.64479,-0.452327,-1.49815,5.78282e-08
113,0.0899604,1.14829,0.297921,0.374961,-4.69914,1.18807,0.237793,-0.704401,1.53047e-08
114,-0.580649,1.35237,0.30753,0.298657,-3.84986,2.84859,-0.382147,-1.20642,5.82268e-09
115,0.23,1.19,0.46,1.19,-6.42,1.38,0.792341,-1.8438,1.87301e-08
116,-0.5,1.84,0.36,0.71,-7.83,1.08,-0.216257,-1.28916,4.42303e-08
117,-0.533766,-1.65906,0.300699,0.846193,5.38252,2.4281,-0.0360647,1.50675,3.43671e-09
118,-0.0208523,1.3505,0.42206,0.694198,-4.90167,1.63484,0.325985,-1.09849,1.56962e-08
119,-0.22,1.22,0.29,0.75,-5.39,1.78,0.143331,-1.39114,0.0264827
120,-0.438245,0.983636,0.565582,-0.0178897,-3.24118,1.8912,-0.448623,-0.896527,5.1166e-08
121,0.632437,0.889774,0.379645,-0.747421,-3.47845,1.72054,0.257764,-0.853926,8.63767e-09
122,0.218168,1.4428,0.22944,-0.0967796,-5.28959,3.20086,0.149761,-2.29607,0.0254185
123,0.290066,1.0827,0.412965,-0.766232,-4.91909,1.47952,-0.0733138,-1.25014,1.82153e-08
124,-0.473029,1.05385,0.656939,0.036295,-2.39044,2.55548,-0.447448,-0.630976,4.90311e-08
125,-0.53,1.09,0.42,1.97,-4.8,1.23,0.338453,-1.02603,1.62271e-08
126,0.421804,1.12858,0.496791,0.205095,-3.95679,1.58401,0.528329,-0.926559,0.0193746
127,-0.361849,1.07799,0.406245,0.103692,-4.39761,1.36499,-0.314435,-0.932842,4.89102e-08
128,0.251479,0.909245,0.482895,0.564125,-5.07067,1.28584,0.515631,-1.4651,4.02032e-08
129,0.32,1.38,0.52,-0.23,-6.05,1.4,0.205616,-1.62879,0.0293462
130,-0.583634,1.08997,0.767579,0.803138,-2.2922,2.14855,-0.0474441,-0.440348,5.78875e-08
131,-0.8,1.33,0.98,0.58,-5.07,1.24,-0.460798,-1.6351,2.52756e-08
132,-0.282687,1.37654,0.393533,0.162134,-4.81331,1.81487,-0.198495,-1.12287,4.58457e-08
133,-0.175693,1.22044,0.377275,2.58017,-5.54607,1.59996,1.07228,-1.46207,0.0296727
134,-0.294556,0.647893,0.581171,1.12628,-2.81743,0.665375,0.177517,-0.533023,6.15554e-08
135,0.221329,1.13847,0.477475,-0.864618,-5.2688,1.47844,-0.205203,-1.46072,4.19062e-08
136,0.416392,-1.81214,0.303132,-1.6242,9.09083,0.839472,-0.14624,1.33698,3.39785e-08
137,0.49,0.93,0.48,0.06,-4.39,0.86,0.514729,-0.87937,5.74363e-08
138,-0.0617013,1.20187,0.401781,-0.271028,-5.05512,2.43478,-0.229154,-1.9214,1.69708e-08
139,-0.131343,0.776888,0.516262,1.2358,-3.67342,0.425218,0.327407,-0.586744,5.8019e-08
140,-0.69,1.75,0.47,2.03,-5.54,2.23,0.539678,-1.60587,0.0284221
141,0.457189,1.89305,0.547655,-0.211393,-5.58458,1.9749,0.333714,-1.36893,5.81709e-08
142,-0.22,1.57,0.41,1.57,-5.87,1.78,0.597252,-1.48558,0.0294095
143,0.280952,1.19312,0.393094,-0.295354,-5.02377,2.14857,0.112751,-1.66787,3.5529e-09
144,0.251557,1.35629,0.270877,-0.313023,-5.31781,2.47755,0.0673874,-1.77248,9.35704e-09
145,-0.449035,2.023,0.205002,1.40331,-6.12051,3.56656,0.615648,-2.62059,2.72776e-08
146,-0.33,1.3,0.3,1.38,-5.45,1.95,0.374431,-1.48199,2.67539e-08
147,0.157373,1.82569,0.343987,1.12977,-6.90024,2.90542,0.92251,-2.84752,7.63439e-08
148,-0.515103,0.733145,0.31395,-0.471832,-3.94979,1.63764,-0.735677,-1.11331,1.38335e-08
149,-0.0109262,1.31943,0.372996,0.209393,-4.52966,2.56568,0.122498,-1.56685,0.0219783
150,-0.62,1.39,0.35,2.17,-7.07,1.84,0.47869,-2.1896,3.08558e-08
151,-0.653979,1.49163,0.380155,0.762576,-6.59891,1.87954,-0.255386,-1.95758,4.58932e-08
152,-0.36,1.27,0.38,2.32,-7.1,0.7,0.468656,-1.26597,3.58319e-08
153,0.64,1.52,0.38,-0.46,-4.87,2.27,0.368566,-1.35366,0.0237236
154,0.316247,1.53088,0.805443,-0.603137,-4.03644,2.15196,-0.0891017,-1.18188,6.8243e-09
155,-0.36,1,0.49,2.46,-5.28,1.14,0.746927,-1.37584,4.17323e-08
156,0.0886515,1.29691,0.430531,-1.35814,-3.10873,1.52325,-0.573768,-0.219348,2.04844e-08
157,0.321041,0.940459,0.263177,-0.876299,-4.53875,1.27375,-0.0245113,-0.849314,2.13296e-08
158,-0.281194,1.3105,0.385029,1.62813,-6.47327,1.68534,0.522587,-1.88524,5.46357e-09
159,0.0662487,0.957549,0.309769,0.684921,-5.61871,0.609969,0.286142,-0.846332,2.59745e-08
160,-0.488029,-1.29001,0.314845,1.42137,4.6238,2.31935,0.330112,1.37145,1.34992e-08
161,-0.250815,1.12674,0.198487,0.830333,-6.01599,1.14753,0.0383719,-0.968503,1.16205e-08
162,0.48936,-1.79036,0.299993,-1.2388,5.91944,2.85723,-0.328449,2.11743,5.7853e-08
163,0.3,1.66,0.56,0.27,-8.67,0.19,0.396229,-1.43001,6.91311e-08
164,-0.274985,0.765853,0.545979,0.952816,-3.86143,1.84819,0.265482,-1.42447,3.97617e-08
165,-0.3,1.14,0.48,0.1,-5.3,1.65,-0.248136,-1.60881,4.13502e-08
166,-0.250879,1.47702,0.445428,1.08636,-5.41717,1.61242,0.295365,-1.24683,2.96203e-08
167,-0.0268414,1.03531,0.373817,-0.55658,-5.33902,1.19088,-0.261241,-1.21318,3.77551e-08
168,0.247624,0.809012,0.39095,-0.496756,-4.89709,0.946647,0.0518543,-1.12092,3.96792e-08
169,0.502061,1.30428,0.572997,-1.62108,-5.47969,1.04795,-0.246475,-1.22597,4.29959e-08
170,0.619101,0.889728,0.340528,-0.0876901,-6.46216,0.780098,0.588067,-1.39726,3.48628e-08
171,-0.0633724,1.00762,0.400456,-0.947735,-6.6428,1.63416,-0.529381,-2.2587,4.14096e-08
172,0.353472,1.08806,0.294019,-1.05984,-6.02707,0.674458,0.0113745,-0.857354,2.44569e-08
173,-0.332216,1.19355,0.410552,0.126834,-4.54477,2.27893,-0.256071,-1.53492,0.0220787
174,0.697309,0.954304,0.299185,-0.731393,-6.22505,1.43724,0.382736,-1.7231,2.08194e-08
175,-0.692702,0.403511,0.93204,1.14668,-3.5511,1.15549,-0.0441764,-1.60488,1.72503e-08
176,0.00481395,0.80552,0.355039,-1.01246,-4.88419,0.831495,-0.366342,-0.984966,3.6427e-08
177,-0.16,1.38,0.49,1.6,-7.06,1.14,0.557732,-1.78699,3.70453e-08
178,-0.160169,1.12274,0.434782,0.620342,-4.85242,1.6702,0.155856,-1.34926,4.58553e-08
179,0.114988,1.0681,0.533158,-0.943556,-5.43422,1.58066,-0.37778,-1.7699,6.13633e-09
180,-0.26558,1.2684,0.413101,1.05406,-5.6801,1.30577,0.211851,-1.30437,0.0281205
181,0.531157,-1.77805,0.273764,-1.67995,7.05281,2.51652,-0.464779,2.40311,3.81548e-08
182,-0.208764,1.08217,0.428101,1.35979,-5.33334,1.69494,0.485566,-1.64111,5.51813e-08
183,0.380647,1.20686,0.503919,0.0734841,-5.55234,1.69598,0.419733,-1.74641,5.76035e-08
184,-0.00143469,-0.954621,0.301759,-0.212619,5.26424,0.475773,-0.0655554,0.632942,2.26145e-08
185,-0.0750906,1.10715,0.529184,0.68351,-2.84192,1.50753,0.279477,-0.367082,0.0143619
186,-0.44,1.11,0.49,1.55,-3.99,1.19,0.268918,-0.714891,1.20635e-08
187,0.24,1.39,0.41,0.01,-5.32,0.71,0.243732,-0.595553,0.0260634
188,0.218624,1.10077,0.403399,-1.06174,-4.10073,1.39524,-0.269115,-0.783021,8.05396e-10
189,-0.61,0.89,0.39,1.41,-5.08,1.17,-0.0133171,-1.25975,2.46404e-08
190,0.214888,1.14791,0.460627,-0.587894,-5.03034,1.96321,-0.114186,-1.66782,2.38808e-08
191,-0.41,1.1,0.54,1.31,-5.55,0.7,0.125943,-1.1706,4.68142e-08
192,0.00588888,1.38229,0.481466,0.524719,-4.93269,1.7656,0.287449,-1.26456,4.88837e-08
193,0.197093,1.15178,0.319883,-2.23144,-5.41803,1.84215,-0.915335,-1.54924,3.40197e-09
194,0.463476,1.51678,0.382332,-1.07908,-5.3305,1.99282,-0.12111,-1.37099,1.73833e-08
195,0.737463,1.30944,0.495369,-0.59774,-5.60229,1.53074,0.435828,-1.51761,7.33221e-09
196,-0.096989,1.13723,0.496256,0.0972661,-4.51669,1.89455,-0.0424644,-1.3947,5.65246e-08
197,0.552438,1.18739,0.534013,-1.19899,-4.7463,2.53191,-0.246645,-1.97586,1.55881e-08
198,0.468939,1.00674,0.498738,-1.0941,-4.35924,1.89377,-0.144419,-1.43708,3.21789e-08
199,-0.59,1.64,0.45,0.76,-5.47,1.89,-0.175415,-1.34392,4.19016e-08
